Elegant Ensembles,+14136283007,Cape Verde,16907₽,emphasis
Trendy Threads,+31145627160,Kuwait,35526₽,homework
Chic Boutique,+5482630810,Norway,35364₽,development
Lash Lounge,+69633694138,Bulgaria,55818₽,marriage
Chic Boutique,+92215792212,Burundi,15076₽,context
Stylish Silhouettes,+5232616116,Saudi Arabia,51092₽,addition
Sleek Styles,+44131475877,Kazakhstan,96189₽,definition
Refined Rags,+89604701782,Mauritania,10936₽,library
Brow Boosters,+31376167801,Morocco,51613₽,affair
Dapper Designs,+46433012440,"Korea, South",79499₽,nature
Chic Couture,+19844221955,Saint Lucia,61609₽,woman
Modish Mannequins,+23678888624,Nauru,66683₽,dealer
Salon Suites,+78244389031,Saudi Arabia,14056₽,language
Refined Rags,+5778044599,Slovakia,48036₽,enthusiasm
Sleek Styles,+80881444983,Afghanistan,67483₽,computer
Smart Styles,+33766898406,Chile,56152₽,classroom
Dapper Designs,+67617226939,Vietnam,50443₽,distribution
Sophisticated Sewing,+80377305962,Tanzania,62398₽,pie
Smart Styles,+5890699382,Nicaragua,40753₽,administration
Sleek Styles,+99901523038,Turkmenistan,89102₽,perception
Skin Studio,+64227989378,Guinea,24105₽,family
Posh Patterns,+2703914416,Belarus,13268₽,assumption
Sleek Styles,+50409584919,Tanzania,85028₽,pizza
Sleek Styles,+53299007318,"Congo, Republic of the",29984₽,dealer
Chic Boutique,+16141507643,Chile,91378₽,community
Beauty Bar,+14882271197,Taiwan,73811₽,user
Glamour Galore,+53284110139,Afghanistan,32963₽,sample
Sleek Styles,+43822292998,Liechtenstein,69067₽,awareness
Brow Boosters,+1474337598,Jamaica,25410₽,perception
Modish Mannequins,+6398528882,Bolivia,15823₽,emphasis
Lash Lounge,+82469443343,Saint Kitts and Nevis,35445₽,analyst
Modish Mannequins,+31685521810,Senegal,12312₽,proposal
Makeup Maven,+62512337934,Cuba,84350₽,advice
Brow Boosters,+84341315108,South Africa,12040₽,perception
Wellness World,+67239141384,The Gambia,74741₽,concept
Brow Boosters,+25347722164,China,23638₽,emphasis
Crisp Creations,+50846122915,The Gambia,37729₽,hair
Skin Studio,+9491452358,Malta,33206₽,dad
Brow Boosters,+93631091497,Netherlands,34078₽,advice
Modern Maven,+12318890543,Paraguay,20862₽,mixture
Sophisticated Sewing,+72274274377,Namibia,49628₽,advertising
Urban Upmarket,+95203808048,Spain,10294₽,departure
Refined Rags,+9305650769,Egypt,46527₽,computer
Elite Elegance,+25694096800,Luxembourg,89354₽,love
Makeup Maven,+82794124230,San Marino,29412₽,office
Sophisticated Sewing,+84823681534,El Salvador,31063₽,departure
Fashion Forward,+38502234954,Japan,34626₽,homework
Posh Patterns,+58764832402,Montenegro,34955₽,buyer
Dapper Designs,+93346098233,Slovakia,58974₽,family
Fine Fabrics,+26825754802,Liechtenstein,32398₽,cookie
Haute Hues,+70536634379,Denmark,66733₽,proposal
Beauty Bar,+92673275283,Latvia,77871₽,indication
Classy Chic,+0104461731,Ethiopia,89966₽,emphasis
Clipper Cuts,+94754426771,Ghana,77082₽,office
Trendy Threads,+81409163287,India,76659₽,distribution
Stylish Silhouettes,+78833727087,Colombia,21925₽,advertising
Salon Suites,+39266314027,Lesotho,48470₽,development
Makeup Maven,+34715354595,Marshall Islands,20444₽,homework
Refined Rags,+21568492144,Portugal,20268₽,revenue
Fine Fabrics,+42268915627,Uruguay,59621₽,buyer
Fashion Forward,+63406811727,Belarus,50177₽,user
Modish Mannequins,+7118864499,Qatar,43391₽,buyer
Skin Studio,+13545655801,Armenia,99336₽,organization
Posh Patterns,+30588737398,India,63335₽,analyst
Classy Chic,+77496077492,"Korea, North",33591₽,agreement
Nail Nook,+19632420389,Palau,52968₽,buyer
Salon Suites,+78841750059,Liberia,58523₽,buyer
Salon Suites,+86572607010,Israel,87751₽,contribution
Smart Styles,+23251522645,Antigua and Barbuda,22436₽,mode
Refined Rags,+23522644140,Vietnam,21441₽,development
Modern Maven,+64211753438,Lesotho,23242₽,revolution
Nail Nook,+4330328857,Malta,34075₽,distribution
Beauty Bar,+16586907971,Guinea,91210₽,tennis
Glamour Galore,+61595410280,Guinea,58912₽,opinion
Nail Nook,+10135459958,South Africa,48810₽,advice
Elegant Ensembles,+57506886639,China,16922₽,thanks
Elegant Ensembles,+24787571836,Equatorial Guinea,82382₽,emphasis
Wellness World,+6475750679,Togo,66983₽,user
Trendsetting Tailors,+48239180463,Guinea-Bissau,56369₽,cookie
Brow Boosters,+98294632568,Latvia,46897₽,enthusiasm
Nail Nook,+48723435620,Togo,33414₽,indication
Classy Collections,+92405297071,"Korea, North",87040₽,stranger
Modern Maven,+42262115969,United Kingdom,84189₽,dealer
Chic Boutique,+55733817252,Russia,11388₽,thanks
Dapper Designs,+44209043178,Sri Lanka,26519₽,preparation
Fashion Fusion,+51250420334,Netherlands,96303₽,employment
Elite Elegance,+22405868703,Liberia,82137₽,administration
Elite Elegance,+37437964867,Mali,63622₽,context
Modish Mannequins,+94884382545,"Micronesia, Federated States of",86405₽,topic
Sophisticated Sewing,+33721073309,Tajikistan,37579₽,love
Modish Mannequins,+52761693681,Zambia,15336₽,computer
Brow Boosters,+86626945997,Dominica,44950₽,signature
Posh Patterns,+27360252590,Hungary,63613₽,awareness
Trendsetting Tailors,+96427008998,Malta,18370₽,agreement
Clipper Cuts,+69428984994,Rwanda,32866₽,distribution
Classy Collections,+56801185907,Laos,93759₽,injury
Stylish Silhouettes,+2288538560,Brunei,26612₽,death
